group,A,B
Gavilan-NBTT,42.691763,38.319303
Gavilan-NBRT,37.120139,34.134451
Gavilan-EBLT,63.197467,57.662878
Gavilan-EBTT,47.979156,38.736677
Gavilan-EBRT,44.391785,33.470447
Gavilan-SBLT,75.933155,63.323682
Gavilan-SBTT,38.417099,35.484995
Gavilan-SBRT,38.033523,35.959802
Gavilan-WBLT,51.711921,54.428904
Gavilan-WBTT,34.677362,31.439177
Gavilan-WBRT,32.98313,34.088835
Gavilan-NBLT,63.980576,46.392225
