group,Meridian-NBLT,Dedication-WBTT,Gavilan-WBTT
A,35.069569,22.258483,20.755895
B,25.074841,14.948663,15.400348
