{
	"IntersectionName" : "2ndSt-MountainAve",
	"MapPayload" :"0012815c380c302030a2163148db656b2927d6a12bee02dc050df850c0111008001000041e63041b8d82ffda050536be6601c40a1427ae90488c0191000001000001e22a45b51df003e050516008a008001c00021ee16a5b93bb015e050a3726ca01000a0a25844000300ac2c900180960a800020630170400000400008a46b039aff8f5e66050515f8e68804b029d0000004000113df613b5fd72b2600a0a2be7ed22802c090001c04b025d000000a00001351616b5fe6ea5800a0a1582c000200ac209001004b010d000000e00000cc215e48080f062585c000400ac0c90020096108000606300a84000004000005478ce64058779813ec580ca800000500000408a5459411ff404fb0ac0e000080560a4800404580ea80200060001840240161b82fb7813ecd43517ffa027d8632a7cdb0073803409f615814000100ac2d0001408602188040008000211e5cba309e77d5809f66a3a23ffd013ec31a4c12c",
    "ReferencePoint":
    {
        "Latitude" : 32.23378985583269,
        "Longitude" : -110.95232938020776,
        "Elevation" : 715
    },
    "VehicleSpeed":15.0,
    "GPSSpace" :
    {
        "LatitudeMin":  32.231958,
        "LatitudeMax": 32.236229,
        "LongitudeMin": -110.957446,
        "LongitudeMax":-110.946441
    },
    "HeadingDeviation" : 20	
}

