group,A,B
Meridian-NBLT,35.069569,25.074841
Dedication-WBTT,22.258483,14.948663
Gavilan-WBTT,20.755895,15.400348
