{
	"IntersectionName": "daisy-memorial",
	"MapPayload": "0012830138053020306b1c1549d3027728768c6c254002dc051870996018a000001000002849dc06e2b1fe56814f0090f800022c0214000002000004dc5d26dc575fc95029e01221000045802280000052000096a3d5db8adbf8e2053c0a450800092230000458082800000280000aae719195e26ec2050a0a4290001520a2000a300a4400000400000b42709db2799462c050f0c0311000001000002e64b5a6c9dcd1a78143c300e4400000400000be7ea9db279946ac050f16041a00000148018bc86b2bc0a0a6671aa06813ecce69d1f6027d87ab25f98f468d745f2e9ae804fb0f0130755e1764f605052f10f531028297794c3681414cb19b1700282873f0cd9b61daaaa940a321caa343e29072000448a4000216049a000000800003c182c807d074700243d00010602908000008000017588f0339c04af809f62c0d54000002000214e6c30804fb359cad4c0409d8230626f4b19c4367809f6637bc754813d8c74d8e02027b1af560762404e231d153d0009f61acb4032359b1074120b0000c5818a800000400040a238331ace24a5b004e71182937c58cf31bc204fb31bc53a0009ec63ab0737813d8d7aa73af0027118e821e5e04fb11b3e3fe06b0c1f58241a00018b02d5000000a400814eb012b59b5d49f009ce230a6709b19ff386c09f66379a70d813d8c75e4f40027b1af53e753a04e211cd13d018db01fbc04fb0d5e63a8148510003241e00018b039500000040000526016d813ecc501c78302788122880002301ec4000004000028bed1d009f66b6e1af8f8139c3020c400000400002866946c09f66b6e5afa00139c3022c400000400002814972c09ec6b6f22fa0013b05824e800000520072cdb1284027d985d0569e04fb0c3e74b658d6a426050530fc17f1809f6587a59e404fb2c4a8a7f027d863463e42c934555027d9892a193e04fb2d518277027d96d1f0ee813ecc804cd00027d990b7106004fb2dc821e9027d96b400db813ec291120008485400041609ba00000080000b3d8d13809f65815f16604fb02415000206052080000080000508e6ee013ecc1ff6cb4027d80",
	"IntersectionID": 13710,
	"RegionalID": 0,
	"ReferenceLocation":
	{
		"Latitude_DecimalDegree": 33.856549513795656,
		"Longitude_DecimalDegree": -112.11421627029603,
		"Elevation_Meter": 544
	}
}
