{
	"IntersectionName": "daisy-dedication",
	"MapPayload": "0012824a380430203160761149d0fa3f2873e72b23d802dc051870796008a000001480102d10d182d266c2573689821c600a0a678a33b781428cfa62a23028299e4156ae050513e54b95c99125336ccef6bf7028287f88d010a4408001921b0000c58042800000400040b43af40b47f508d4da7c8882e02829b47ab1438050a3680362df00a0a67e4d6e3014144c0867e02609d469931eba97d990b574605050243200018b00c50000008000916a053216906611f5b4cd70ff00505368fce282c0a146d0ccc5fc81414bf7758f80a0a1faf6d404c81a8a0263094dd93126a7f598b6568005050242e0001860108800000800001e729b045a36584b51805220000020000179e960d813ecda38484b50282860188800000800005e80955e04fb36888a11dc0a0a2c09340000020000043267d8d159376bc027b0120900004581068000004000008710a65a2b18ed4604f60241600008b01cd0000008000050f68a8013ecd15867678027d8120d00004581468000002800008561ba4aae5af530291040005485880028c06a1000001000002161c462a0bd3d3c8c062100000100000217aacd2a0c03d368c05a10000010000021ab9732a0bd3d2a16072a0000004801e3661e02570aef7b01414397162445857ec42dfee7d666fd768814143bd4e47db464f8314050f2e7f5bae02828719ae39adddfcca028286c44e58ad303b890282988c56318050a0d1518451ab1b0a8b569e8d00a0a0486900021607aa000000a0004377261047013d552a637f780a0a1d39b446290440004488080020c0831000001000003846e0b8706aed100",
	"IntersectionID": 45115,
	"RegionalID": 0,
	"ReferenceLocation":
	{
		"Latitude_DecimalDegree": 33.84323189165419,
		"Longitude_DecimalDegree": -112.13155401642219,
		"Elevation_Meter": 508
	}
}
