{
	"IntersectionName": "daisy-meridian",
	"MapPayload": "001282973803302031abba0d49d18b4528755753244602dc051870896041a00000048008bcc434ec0a0a2fd04803fb31b345b40a0a1eb1d22cbdc6a5380a0a5f64138a050a0241c80020b024d000000400045e1ad888050517e94c0169990b222c05050f5a89155f381182050a2f86aa920282812228001058146800000280002bcd4cd00a0a26a4853d0a441000212162001030188400000400000ac240a89e2e853830168400000400002b19457c0a0a6783e148013ec581ea8000004000308bc472180ae061604f1302091ee809ec2026c52ab01f0379c09f62048e84d9050b50e580f8292004fb0241600008b03950000008000611f485c3015c0cc009e2603963b1813d8404a8a48603966f9813ec409b50b4209cca10b01cb527009f60483400011606aa0000014800c36709e7180b4067a04f1301a61cc809ec201a652ab01d8373809f6204f2860104d9505180d9290804fb0a41e00009218400043020c400000400002cb04b7e027d9abfe8c4bc04f60c08b100000100000b226326c09ec60032135813ec3024c400000400002c65edcf027b18012844204fb0c0291000001000002e9acc9676efd1d81414300c4400000400002be32e680a0a27715d330c039100000100000bc234abc0a0a27791d0796008a0000010000c38c4ec859d23f1ce05051337ec10d99c55c2e05053375eb8f40a0a6e0ccd1bc0143cbf96eb3c0a0a1f58b7d60912800062c0214000002000187268d08b3a54e3cc0a0a26747815b33a3b82c0a0a66df770b81414dc1cba3b6028797f08d61814143edc70a412230000c58062800000400030e67793367525c54814144cd3301e6679170b81414cdac6e2402829b845d4784050f2febdadc028287d62e0e8244200018b01050000005000016ac777b3371d23c0a0a1485a0000a414400040",
	"IntersectionID": 54749,
	"RegionalID": 0,
	"ReferenceLocation":
	{
		"Latitude_DecimalDegree": 33.84694452633097,
		"Longitude_DecimalDegree": -112.12212915024944,
		"Elevation_Meter": 519
	}
}
