{
	"IntersectionName": "daisy-hastings",
	"MapPayload": "001282a43802302031ef4a0949d210ae287630bc248c02dc051870796018a0000010001228c0f3c1e15f918ca53f3dc0282892d6633ac8ccf0180282990d660c40505361256ee640a326473baa70143cc9b437420282894c6edf03bedf9b8121d0000c58042800000400040df098011e0338daca4db2fd028289301e534c8ddf1fa02829b0bb1929a051e323bcd8980a1e64dd3baa814144a4ab60d1e01be72090f800062c0114000002000206e35c698efdbc36650bb8310141449c5356d6469987801414d85d8c9aa028f191cb6a14050a32692dd240a1425365bd58f063f4604884000316020a000000a00022b08de21e0339acbaa4f4200a0a148520000a41440004601c8800000800001796d5632acac2c80a0a180622000002000005bfb6be4aa930b918052200000200000598f84a4aa4b0b92c0934000001400005f149aebebd16e40a0a148720004242840020b020d0000002400d1e15db90cc7a927d028287c1243cabed51e80a0a1fbbd738be47ba040a0a1e825fe8be8bc6600a0a5fd1a912050536c7f247d00a0a6d548c78701428bc764a9c0a0a1edce4143c5dc1c87a3a7f18241c80020602908000008000016f81cb3380038e00a0a2c0b540000029001c4f3a1e8b33394780a0a61f788f7813ecc3bd54a9027d9a7716b58a04ec10c134da1851a9f8604fb0c05828f190e09082907800024851000116062a0000010000e26731eb59980aa0050530fe7474009f661e5aa76813ecd3b9d5ae4027608609a648c28d4fb6027d887f6a4bc320c92bc120d00004581aa80000040003895ecaf566732b401414b04a89a809f661d88a3f013ecd3bc35b0f0276085e12654c28ecfcf027d887e723f631fd1380120b00004301cc40000040000083c958c62220db8c07b10000010000033d1b9b462980cf0c0831000001000003355bd2c62920f100",
	"IntersectionID": 63397,
	"RegionalID": 0,
	"ReferenceLocation":
	{
		"Latitude_DecimalDegree": 33.85035976176664,
		"Longitude_DecimalDegree": -112.11656353845339,
		"Elevation_Meter": 526
	}
}
