{
	"IntersectionName": "daisy-gavilan",
	"MapPayload": "001283fe38083020315abe2149d0eec5287358f623c402dc051870d16049a00000048000bb5e1b3009f62432a1838242080020b028d0000008000b5d2accfa04fb160819526d8f1d94aa04fb31a6f1fa00a1e6314c5e201428352f8fac693c1f10d38a6a45a5b0e9604fb2cc24523027d9657a2fb013d8c25d0cbe027d9aa78eb420050a0246e00020b02cd0000008000b5cd40c8004fb16079553758f2615c604fb31a801d0c0a1e631185ee81428354f13386a222500d15c5c15a0acbc804fb2cbd44cd027d965ac351813d8c28ecd21027d9aa97eb57a050a0246a00020b030d000000500005c0c4bb204fb160e45741c52288000690d10003180e42000002000016ca12a2813ec581f159fe180d42000002000016e2f2c3813ec581d0599c2c01140000009000177c2c36014144f74a289048da000316028a000000a00003c294179b4e110a4205050a4350000520c200025804280000040000abecfa000a0a6e641c361014145a4768361048b4000316018a00000100002afb9d1402829b996b0dce05051691460d50122b0000c58082800000400008bf4ae85b999b0d6a050a1691aa0e1812290000c300c4400000400000f066e326de4e42c681414300e4400000400000f086ccf6de55c2be8141430104400000400000f0a4b5c6de4e42be81414581ea800000120002d0da7fa027d9ab8f2fa7604fb0243880008b04150000008000759ff543604fb350249e79809ec21228d83b0b2566000a0a6a273b3440143cc223191a027d986c5b81204fb30f52768c09ec61e72f4d013b00908800022c115400000200020406a6a4d3fd17a03027b18470b67404fb30b1464680a0a6ab76372781464c383184b027b18468325604fb30d9f70e409f661cfeebf013c4b031bafc09e20483c000116092a0000010001033f8b3eda7f8af3cc04f6308376bd809f661606c8481428d573e6e03028a186d4b12e04f630903653409f661c4ce11013ecc3c51daf0278987e73d4c04ec0241a00008b04d50000005000019eedfccd5f097b84027d852348000a914100051814620000020000067ac913b51b99eb0c09ec1815620000020000067359ac3519bdeca409ec181662000002000006724a783518adeac809ec2c1774000002900216b34cb081414c7457cad028288dcbe9124673b04061fc1cbb813ecd65fba39a0282888ee6ec445d6f0b2230e189135c4928a040a0a148740002245880010b061d000000800085b35f382050531cd7f2ac0a0a23755a3d11976c269885c729a04fb3595a290340a0a22335ba09177bc1a08c576276d7111a28102828121b000085832e80000028000adefba44028298f27e81405050d837c6f148320003a4684001c606e0800000800005cd3f5fe050531c79f1800a0a181a820000020000171c4d4781414c735fcbd028280",
	"IntersectionID": 44383,
	"RegionalID": 0,
	"ReferenceLocation":
	{
		"Latitude_DecimalDegree":33.84316627,
		"Longitude_DecimalDegree":-112.1351998,
		"Elevation_Meter":539
	}
}
